{"resourceType":"OperationDefinition","id":"Product-substitutes","text":{"status":"extensions","div":"<div xmlns=\"http://www.w3.org/1999/xhtml\"><p>URL: [base]/$substitutes</p><p>URL: [base]/Medication/$substitutes</p><p>URL: [base]/Medication/[id]/$substitutes</p><p>URL: [base]/MedicationKnowledge/$substitutes</p><p>URL: [base]/MedicationKnowledge/[id]/$substitutes</p><p>URL: [base]/MedicinalProductDefinition/$substitutes</p><p>URL: [base]/MedicinalProductDefinition/[id]/$substitutes</p><p>Parameters</p><table class=\"grid\"><tr><td><b>Use</b></td><td><b>Name</b></td><td><b>Scope</b></td><td><b>Cardinality</b></td><td><b>Type</b></td><td><b>Binding</b></td><td><b>Documentation</b></td></tr><tr><td>IN</td><td>country</td><td/><td>0..1</td><td><a href=\"http://hl7.org/fhir/R5/datatypes.html#Coding\">Coding</a></td><td/><td><div><p>The context in which the substitution is being executed, meaning the rules for substitution that are to be applied. Typically and by default the code for the country where the substitution is taking place.</p>\n</div></td></tr><tr><td>IN</td><td>doseform</td><td>instance</td><td>0..1</td><td><a href=\"http://hl7.org/fhir/R5/datatypes.html#Coding\">Coding</a></td><td/><td><div><p>The dose form. This coded element can include codes from different codesystems - which will determine the possibility of finding a substtitute. Some systems may optionally support a search based on display text besides the coded form.</p>\n</div></td></tr><tr><td>IN</td><td>ingredient</td><td>instance</td><td>0..*</td><td></td><td/><td><div><p>Each relevant ingredient to find substitutes - each ingredient has 2 parts - the substance and the strength</p>\n</div></td></tr><tr><td>IN</td><td>ingredient.substance</td><td>instance</td><td>1..1</td><td><a href=\"http://hl7.org/fhir/R5/datatypes.html#Coding\">Coding</a></td><td/><td><div><p>The substance that will be used to search. Substance SHALL be a coded parameter</p>\n</div></td></tr><tr><td>IN</td><td>ingredient.strength</td><td>instance</td><td>0..1</td><td><a href=\"http://hl7.org/fhir/R5/datatypes.html#RatioRange\">RatioRange</a></td><td/><td><div><p>The strength of the substance that will be used to search. It is a RatioRange property: if the value is a fixed value, either minimum or maximum denominator are used (or both). Denominator is optional.</p>\n</div></td></tr></table></div>"},"url":"https://profiles.ihe.net/Pharm/unicom-transactions/OperationDefinition/Product-substitutes","version":"0.0.1","name":"ProductSubstitutes","title":"Product substitutes","status":"draft","kind":"operation","experimental":false,"date":"2023-05-19T02:57:50+00:00","publisher":"UNICOM","contact":[{"telecom":[{"system":"url","value":"https://unicom-project-eu"}]},{"telecom":[{"system":"email","value":"unicom@example.com"}]},{"name":"UNICOM","telecom":[{"system":"email","value":"iti@ihe.net"}]}],"description":"Operation to find product substitutes given the relevant attributes and the substitution context","jurisdiction":[{"coding":[{"system":"http://unstats.un.org/unsd/methods/m49/m49.htm","code":"001"}]}],"affectsState":false,"code":"substitutes","resource":["Medication","MedicationKnowledge","MedicinalProductDefinition"],"system":true,"type":true,"instance":true,"parameter":[{"name":"country","use":"in","min":0,"max":"1","documentation":"The context in which the substitution is being executed, meaning the rules for substitution that are to be applied. Typically and by default the code for the country where the substitution is taking place. ","type":"Coding"},{"name":"doseform","use":"in","scope":["instance"],"min":0,"max":"1","documentation":"The dose form. This coded element can include codes from different codesystems - which will determine the possibility of finding a substtitute. Some systems may optionally support a search based on display text besides the coded form.","type":"Coding"},{"name":"ingredient","use":"in","scope":["instance"],"min":0,"max":"*","documentation":"Each relevant ingredient to find substitutes - each ingredient has 2 parts - the substance and the strength","part":[{"name":"substance","use":"in","scope":["instance"],"min":1,"max":"1","documentation":"The substance that will be used to search. Substance SHALL be a coded parameter","type":"Coding"},{"name":"strength","use":"in","scope":["instance"],"min":0,"max":"1","documentation":"The strength of the substance that will be used to search. It is a RatioRange property: if the value is a fixed value, either minimum or maximum denominator are used (or both). Denominator is optional.","type":"RatioRange"}]}]}